MAE,MSE,RMSE,R2,MAX_ERROR,MIN_ERROR,nDCG
1.8679142182655684,4.949822406961484,2.2248196347033358,0.026123110530222093,6.085701709515515,8.358777168826492e-05,0.9818697664566939
