MAE,MSE,RMSE,R2,MAX_ERROR,MIN_ERROR,nDCG
1.8759898851034937,4.980900955590215,2.2317932152397577,0.020008410288610112,5.616237518048544,0.001105250373647948,0.9818255755350989
